YYYY-MM-DD,D01,D02,D03,D04,D05,avg_pax_D01,avg_pax_D02,avg_pax_D03,avg_pax_D04,avg_pax_D05,avg_fare_D01,avg_fare_D02,avg_fare_D03,avg_fare_D04,avg_fare_D05,avg_stddev_D01,avg_stddev_D02,avg_stddev_D03,avg_stddev_D04,avg_stddev_D05
2021-12-01,Manhattan - Upper East Side North - Yellow Zone,Manhattan - Upper East Side South - Yellow Zone,Manhattan - Midtown Center - Yellow Zone,Manhattan - Midtown East - Yellow Zone,Manhattan - Murray Hill - Yellow Zone,1.3672174929060257,1.3502706478086257,1.3547400611620795,1.3420312100281402,1.3441662226957911,10.093256551493907,9.881211803736685,12.446085626911316,12.39754412893323,11.6957378795951,6.363158225390022,6.143361477032418,9.233173745781187,9.112777897483342,9.856532546093394
2021-12-02,Manhattan - Upper East Side North - Yellow Zone,Manhattan - Upper East Side South - Yellow Zone,Manhattan - Midtown Center - Yellow Zone,Manhattan - Midtown East - Yellow Zone,Manhattan - Times Sq/Theatre District - Yellow Zone,1.3810066786121518,1.3811069354287666,1.4027752748242928,1.388002059732235,1.519205644107656,10.170915458543737,10.162931329005808,12.644350333393405,12.508604531410915,16.396616148419128,6.0488631688361565,6.543967301683767,9.200964825403856,9.537156736092522,14.082916843457332
2021-12-03,Manhattan - Upper East Side North - Yellow Zone,Manhattan - Upper East Side South - Yellow Zone,Manhattan - Midtown Center - Yellow Zone,Manhattan - Times Sq/Theatre District - Yellow Zone,Manhattan - Upper West Side South - Yellow Zone,1.3901558654634947,1.3817100891764293,1.4325553797468353,1.6096866096866096,1.4396617986164488,9.909985233798196,9.470886518622137,12.32389042721519,15.407564102564104,11.25047399436331,6.180203647823912,5.674667737096777,9.423695104654751,13.092244715927505,8.176846833664047
2021-12-04,Manhattan - Upper East Side South - Yellow Zone,Manhattan - Upper East Side North - Yellow Zone,Manhattan - Clinton East - Yellow Zone,Manhattan - Lincoln Square East - Yellow Zone,Manhattan - East Village - Yellow Zone,1.4570182724252492,1.4335604770017036,1.5363427697016068,1.485780765253361,1.5122853368560105,9.509136212624584,9.781452299829642,14.034702881917879,10.777898138572906,11.67207397622193,6.636500830543527,6.930695409687576,11.418354987674421,7.349465657645634,7.517417876122761
2021-12-05,Manhattan - Upper East Side North - Yellow Zone,Manhattan - Upper East Side South - Yellow Zone,Manhattan - Clinton East - Yellow Zone,Manhattan - Lincoln Square East - Yellow Zone,Manhattan - Upper West Side South - Yellow Zone,1.4621230111612444,1.4599713055954089,1.5049034175334324,1.484714780964387,1.491273432449903,9.962265495131799,9.588005738880918,13.93658543833581,11.044831389851876,11.408500323206207,7.18268773399675,7.933451662225468,12.805157626229994,8.113435360856963,8.857614738901148
2021-12-06,Manhattan - Upper East Side North - Yellow Zone,Manhattan - Upper East Side South - Yellow Zone,Manhattan - Midtown Center - Yellow Zone,Manhattan - Times Sq/Theatre District - Yellow Zone,Manhattan - Midtown East - Yellow Zone,1.388612983327421,1.3786578228638315,1.4002571244911077,1.5205839416058393,1.3810975609756098,9.70069173465768,9.522278579789308,12.11388472251982,15.614370802919709,12.021097560975608,6.892959367641576,6.39512128392326,9.882779002924815,14.097639382753224,9.986751590579637
2021-12-07,Manhattan - Upper East Side North - Yellow Zone,Manhattan - Upper East Side South - Yellow Zone,Manhattan - Midtown Center - Yellow Zone,Manhattan - Midtown East - Yellow Zone,Manhattan - Murray Hill - Yellow Zone,1.347121469362556,1.3582708565959483,1.3726859937128886,1.3106697224344284,1.3697478991596639,10.029063127025776,9.55913223799649,12.10789381767377,11.900713012477718,11.429170168067227,6.020295681149512,5.828959852229632,8.816294522600087,8.743667329043307,9.894072929957199
2021-12-08,Manhattan - Upper East Side North - Yellow Zone,Manhattan - Upper East Side South - Yellow Zone,Manhattan - Midtown Center - Yellow Zone,Manhattan - Midtown East - Yellow Zone,Manhattan - Murray Hill - Yellow Zone,1.3349929982884705,1.3432458082885164,1.3501925096254812,1.3272148800783161,1.332319391634981,10.089530107359575,9.98840714963619,12.842527126356318,12.343467939304944,11.713460076045626,6.33797748078199,6.20682417324838,9.277035960033887,8.998300456261195,9.04413225976138
2021-12-09,Manhattan - Upper East Side North - Yellow Zone,Manhattan - Upper East Side South - Yellow Zone,Manhattan - Midtown Center - Yellow Zone,Manhattan - Midtown East - Yellow Zone,Manhattan - Murray Hill - Yellow Zone,1.3743085433312845,1.3538840937114673,1.3971055418284504,1.3594627594627595,1.333248859604663,10.117910264290105,10.184232429099877,13.104818213907517,12.513362637362638,12.159680689305628,6.131300918201469,6.2396740467630485,9.664378303258097,9.229310693229325,9.213994941774283
2021-12-10,Manhattan - Upper East Side North - Yellow Zone,Manhattan - Upper East Side South - Yellow Zone,Manhattan - Midtown Center - Yellow Zone,Manhattan - Murray Hill - Yellow Zone,Manhattan - Lincoln Square East - Yellow Zone,1.381787521079258,1.3859022556390976,1.4413733534873678,1.4151242728714966,1.4084314262250206,10.240212478920743,10.259114661654136,12.943273591017059,12.57258064516129,11.085053380782917,6.546459034529424,6.5268336537132265,9.990940054499909,10.3298240467509,7.936920485486472
2021-12-11,Manhattan - Upper East Side North - Yellow Zone,Manhattan - Upper East Side South - Yellow Zone,Manhattan - East Village - Yellow Zone,Manhattan - Lincoln Square East - Yellow Zone,Manhattan - Clinton East - Yellow Zone,1.475678002582867,1.4704805491990847,1.5209068010075566,1.510326797385621,1.5185961236249346,9.96932845458459,9.616933638443935,11.687229219143578,11.097848366013073,14.350157150340493,7.27785428553354,6.703609924568086,7.644298224522857,7.961235657894849,12.3600688898226
2021-12-12,Manhattan - Upper East Side North - Yellow Zone,Manhattan - Upper East Side South - Yellow Zone,Manhattan - Lincoln Square East - Yellow Zone,Manhattan - Upper West Side South - Yellow Zone,Manhattan - Clinton East - Yellow Zone,1.4648607206746742,1.4668555240793202,1.459140137840499,1.4351699109204883,1.5472837022132797,9.812675696396626,9.868909348441926,10.986478503446014,11.201484658528537,13.545234741784038,6.944279918344569,7.499107223558191,7.970356197649387,8.409881764310683,12.458350933266345
2021-12-13,Manhattan - Upper East Side North - Yellow Zone,Manhattan - Upper East Side South - Yellow Zone,Manhattan - Midtown Center - Yellow Zone,Manhattan - Midtown East - Yellow Zone,Manhattan - Murray Hill - Yellow Zone,1.3673469387755102,1.3735813953488372,1.4171180931744312,1.3739368165249088,1.353544776119403,9.815938606847698,9.330251162790697,11.779133261105091,12.12840218712029,11.520945273631842,6.270485789746157,5.758080125147188,8.985332462711005,9.685153147636157,9.53987288522019
2021-12-14,Manhattan - Upper East Side North - Yellow Zone,Manhattan - Upper East Side South - Yellow Zone,Manhattan - Midtown Center - Yellow Zone,Manhattan - Midtown East - Yellow Zone,Manhattan - Murray Hill - Yellow Zone,1.3639163559734155,1.3430474604496254,1.3663117134559535,1.3141937214918165,1.364435621100397,9.63365213162587,9.699283930058284,11.710242013552758,11.633243895894822,11.203706749858195,5.877105735794529,6.354596793121276,8.372558183252158,8.550922467309412,8.66969510927569
2021-12-15,Manhattan - Upper East Side North - Yellow Zone,Manhattan - Upper East Side South - Yellow Zone,Manhattan - Midtown Center - Yellow Zone,Manhattan - Murray Hill - Yellow Zone,Manhattan - Lincoln Square East - Yellow Zone,1.380492515692902,1.361185086551265,1.366283676703645,1.355531686358754,1.3704106608648354,9.862530178657654,9.640564247669774,11.671295562599049,11.316299677765844,10.603769377209682,6.291451526393867,6.185809140140231,8.580211989379416,8.800401267117751,7.248368104888357
2021-12-16,Manhattan - Upper East Side North - Yellow Zone,Manhattan - Upper East Side South - Yellow Zone,Manhattan - Midtown Center - Yellow Zone,Manhattan - Midtown East - Yellow Zone,Manhattan - Times Sq/Theatre District - Yellow Zone,1.369763779527559,1.3748723186925433,1.3810751834953383,1.380890052356021,1.5100982532751093,9.849385826771654,9.551498127340825,12.103431858758183,11.92529319371728,15.240382096069869,5.9156827815897515,5.800214145725564,9.13595466555248,9.429132204434142,12.97872622854703
2021-12-17,Manhattan - Upper East Side North - Yellow Zone,Manhattan - Upper East Side South - Yellow Zone,Manhattan - Midtown Center - Yellow Zone,Manhattan - Times Sq/Theatre District - Yellow Zone,Manhattan - Lincoln Square East - Yellow Zone,1.3899227528089888,1.3963402764259296,1.5007895330475975,1.6174603174603175,1.4500283929585462,9.655635533707866,9.186030757251315,11.937942702458832,16.100425925925926,10.754346961953434,6.355172392155725,5.859887683318987,9.051131516909745,14.064673911114847,7.900839516272957
2021-12-18,Manhattan - Upper East Side North - Yellow Zone,Manhattan - Upper East Side South - Yellow Zone,Manhattan - Times Sq/Theatre District - Yellow Zone,Manhattan - Midtown Center - Yellow Zone,Manhattan - Clinton East - Yellow Zone,1.4721091692602346,1.4510680576254347,1.7130759651307597,1.6388737014762165,1.5692307692307692,9.39444577447929,8.970640834575262,14.57080199252802,11.876763258611263,12.911065527065526,6.387633400574205,6.751584784735803,12.172013139366166,8.772175444103837,11.515635893546788
2021-12-19,Manhattan - Upper East Side North - Yellow Zone,Manhattan - Times Sq/Theatre District - Yellow Zone,Manhattan - Clinton East - Yellow Zone,Manhattan - Upper East Side South - Yellow Zone,Manhattan - Lincoln Square East - Yellow Zone,1.464103334334635,1.7088207398039836,1.6174608463845386,1.4435160427807487,1.4951802927525883,9.408651246620607,14.370556433765412,12.967680773075642,8.894869652406417,10.418654052124241,6.736421783499606,11.721434419744163,11.745767215053979,6.3006838964689775,8.283451494591775
2021-12-20,Manhattan - Upper East Side North - Yellow Zone,Manhattan - Upper East Side South - Yellow Zone,Manhattan - Midtown Center - Yellow Zone,Manhattan - Times Sq/Theatre District - Yellow Zone,Manhattan - Midtown East - Yellow Zone,1.385996011522269,1.389227394589325,1.4642857142857142,1.6341954988243197,1.470432145564822,9.174564591181031,8.785888374360225,10.52695163104612,13.444790057104468,10.698028809704322,5.912426052264205,5.481699172644382,7.964686093357001,12.184821511825163,8.984942963468916
2021-12-21,Manhattan - Upper East Side North - Yellow Zone,Manhattan - Upper East Side South - Yellow Zone,Manhattan - Midtown Center - Yellow Zone,Manhattan - Times Sq/Theatre District - Yellow Zone,Manhattan - Midtown East - Yellow Zone,1.3792007266121709,1.3769621421975993,1.4548449080428218,1.6677839851024208,1.4170180145649673,9.169961398728429,8.823568790397045,10.487447158934945,12.93117318435754,10.842165580682254,5.959007185972338,5.47515043677216,7.5380682269150086,11.806216536340854,8.922876088701194
2021-12-22,Manhattan - Upper East Side North - Yellow Zone,Manhattan - Upper East Side South - Yellow Zone,Manhattan - Midtown Center - Yellow Zone,Manhattan - Times Sq/Theatre District - Yellow Zone,Manhattan - Murray Hill - Yellow Zone,1.3911596958174905,1.3711340206185567,1.488869615495808,1.6462264150943395,1.413844436174172,9.085598859315589,8.794305351006383,10.671032090199478,13.079716981132075,10.66698920729438,6.088814842092958,5.7807177804301855,7.8792285584158215,11.607821298784526,12.705320687745234
2021-12-23,Manhattan - Upper East Side North - Yellow Zone,Manhattan - Upper East Side South - Yellow Zone,Manhattan - Midtown Center - Yellow Zone,Manhattan - Upper West Side South - Yellow Zone,Manhattan - Times Sq/Theatre District - Yellow Zone,1.4203998987598077,1.4076450147019512,1.4866751269035532,1.4209928003031451,1.667584579071597,8.884130599848142,8.5211975407645,10.692163705583756,9.985979537703676,13.834421715184893,5.816370281105517,5.979417361200164,8.032012734496199,8.716395574787695,12.353198047722847
2021-12-24,Manhattan - Upper East Side North - Yellow Zone,Manhattan - Upper East Side South - Yellow Zone,Manhattan - Midtown Center - Yellow Zone,Manhattan - Times Sq/Theatre District - Yellow Zone,Manhattan - Upper West Side South - Yellow Zone,1.4234505862646567,1.4379727685325265,1.637375745526839,1.7078651685393258,1.451213925790197,8.386901172529313,8.153298033282905,10.92993638170974,14.712,9.293724232707284,6.119882686711484,5.415940906304844,8.606903756998516,64.6204231451688,7.238502944953398
2021-12-25,Manhattan - Times Sq/Theatre District - Yellow Zone,Manhattan - Clinton East - Yellow Zone,Manhattan - Upper East Side North - Yellow Zone,Manhattan - Upper East Side South - Yellow Zone,Manhattan - Midtown Center - Yellow Zone,1.7426376440460947,1.596467391304348,1.4920235096557515,1.568429890848027,1.7565733672603903,15.328777208706786,14.220176630434784,9.592527287993283,8.683459277917716,12.35453774385072,13.904324140741233,13.827703140926344,7.652285099786589,6.86585291949614,10.932760924283512
2021-12-26,Manhattan - Clinton East - Yellow Zone,Manhattan - Times Sq/Theatre District - Yellow Zone,Manhattan - Upper East Side North - Yellow Zone,Manhattan - Upper East Side South - Yellow Zone,Manhattan - Midtown Center - Yellow Zone,1.625,1.7789203084832905,1.475181260457334,1.513142174432497,1.672496984318456,14.527395,17.124884318766068,10.273284997211377,9.16021505376344,13.797044632086852,12.996243440470593,14.056227440922267,8.333302595824692,6.738150372587166,11.1907724006531
2021-12-27,Manhattan - Times Sq/Theatre District - Yellow Zone,Manhattan - Upper East Side North - Yellow Zone,Manhattan - Midtown Center - Yellow Zone,Manhattan - Upper East Side South - Yellow Zone,Manhattan - Clinton East - Yellow Zone,1.744343891402715,1.4089162182936203,1.6009577015163607,1.4073624595469256,1.5942642219087917,13.612330316742081,9.935088393543428,11.130806065442936,8.79757281553398,13.880535966149507,12.364933430169355,8.32201885717714,9.55619289958806,6.934098751846657,13.703644760849054
2021-12-28,Manhattan - Upper East Side North - Yellow Zone,Manhattan - Midtown Center - Yellow Zone,Manhattan - Times Sq/Theatre District - Yellow Zone,Manhattan - Upper East Side South - Yellow Zone,Manhattan - Clinton East - Yellow Zone,1.4395527603074774,1.5985247629083246,1.7655677655677655,1.4194770746494885,1.5306030603060305,9.68361285814116,11.559185107130313,13.59671062271062,8.730200833649109,13.033208820882088,7.417257094795138,9.392552806852986,11.741892170519192,6.307273479649137,11.90355311607324
2021-12-29,Manhattan - Midtown Center - Yellow Zone,Manhattan - Upper East Side North - Yellow Zone,Manhattan - Upper East Side South - Yellow Zone,Manhattan - Times Sq/Theatre District - Yellow Zone,Manhattan - Clinton East - Yellow Zone,1.6021978021978023,1.3944298080541964,1.4160997732426304,1.7018824433346138,1.5516511430990685,11.090736263736263,9.63372224313135,9.112622826908542,13.504302727621974,13.321718882303134,8.996680173628516,7.626429750812503,7.326533086932449,12.053029387113726,12.461171800193112
2021-12-30,Manhattan - Upper East Side North - Yellow Zone,Manhattan - Midtown Center - Yellow Zone,Manhattan - Upper East Side South - Yellow Zone,Manhattan - Times Sq/Theatre District - Yellow Zone,Manhattan - Clinton East - Yellow Zone,1.43099006256901,1.5302973278133234,1.4708850931677018,1.7027677496991576,1.5593645484949832,9.57534044902466,11.398724124952953,9.010131987577639,14.351247492980347,12.559322742474917,7.209044533128833,9.429931521296597,6.8193642566273684,12.685863109463556,11.253100875190283
2021-12-31,Manhattan - Clinton East - Yellow Zone,Manhattan - Upper East Side North - Yellow Zone,Manhattan - Upper East Side South - Yellow Zone,Manhattan - Midtown Center - Yellow Zone,Manhattan - Upper West Side South - Yellow Zone,1.5577751664708186,1.4385113268608414,1.4643628509719222,1.5982532751091703,1.4629094412331407,12.8233098315707,9.380056634304207,8.629019438444924,12.17070305676856,10.865852601156071,10.88903808353224,7.939296054528554,6.729074496105399,11.564290778459698,11.460016178211244
2022-01-01,Manhattan - Clinton East - Yellow Zone,Manhattan - Times Sq/Theatre District - Yellow Zone,Manhattan - East Village - Yellow Zone,Manhattan - Lenox Hill West - Yellow Zone,Manhattan - Murray Hill - Yellow Zone,1.5833333333333333,1.7410358565737052,1.5637547476939773,1.526164462334675,1.5719237435008666,11.957544091710758,12.101494023904381,10.89581660336408,10.600080506037953,10.362796071634893,11.68638703724927,10.46176532065532,10.115412453139546,8.843026953365374,9.163391486757515
2022-01-02,Manhattan - Upper East Side North - Yellow Zone,Manhattan - Clinton East - Yellow Zone,Manhattan - Upper East Side South - Yellow Zone,Manhattan - Upper West Side South - Yellow Zone,Manhattan - Lenox Hill West - Yellow Zone,1.4963645176926805,1.5298226759806555,1.448194197750148,1.4765578635014838,1.4372320881812615,10.85683470673776,12.028479312197744,10.204262877442273,11.916148367952522,11.527066748315983,10.014560621679356,11.428326060171235,9.86401109113171,11.056649454200008,10.593986198308338
2022-01-03,Manhattan - Upper East Side North - Yellow Zone,Manhattan - Upper East Side South - Yellow Zone,Manhattan - Midtown Center - Yellow Zone,Manhattan - Lenox Hill West - Yellow Zone,Manhattan - Upper West Side South - Yellow Zone,1.3638547784303257,1.3697229551451187,1.4033805390589311,1.3796889295516925,1.4060721062618595,9.03210090763481,8.13957783641161,9.185975331201462,9.9275846294602,10.57685009487666,7.146007632539896,6.104619737844256,7.527233316980013,9.235916967768741,9.6334147840046
2022-01-04,Manhattan - Upper East Side North - Yellow Zone,Manhattan - Upper East Side South - Yellow Zone,Manhattan - Midtown Center - Yellow Zone,Manhattan - Lenox Hill West - Yellow Zone,Manhattan - Upper West Side South - Yellow Zone,1.3868943007783079,1.3488105474347951,1.3690196078431374,1.357391304347826,1.3582554517133956,8.85799899573186,8.434623101175122,9.28874117647059,9.806439130434782,10.24908767245216,6.196916489464976,6.071191234544827,7.004572536233979,8.265678744230064,8.268036362485283
2022-01-05,Manhattan - Upper East Side North - Yellow Zone,Manhattan - Upper East Side South - Yellow Zone,Manhattan - Midtown Center - Yellow Zone,Manhattan - Upper West Side South - Yellow Zone,Manhattan - Lenox Hill West - Yellow Zone,1.3669425633308252,1.3429613011777903,1.3723041997729852,1.3585814360770578,1.3576129881526986,8.77610484073238,8.567162086371285,9.065478622777148,10.296212784588441,9.464589732338744,5.660252653138426,6.326937325205761,6.82875943199616,8.2931881754903,8.006103211400205
2022-01-06,Manhattan - Upper East Side North - Yellow Zone,Manhattan - Upper East Side South - Yellow Zone,Manhattan - Midtown Center - Yellow Zone,Manhattan - Lenox Hill West - Yellow Zone,Manhattan - Upper West Side South - Yellow Zone,1.3702108365450012,1.357910906298003,1.3376336159233322,1.3647898493259318,1.378874388254486,8.761308093402858,8.344480286738351,9.412617029119057,9.109476605868357,10.090978792822186,5.408553335632384,5.133333607511465,6.939177043334242,6.709103013598288,7.651797570286767
2022-01-07,Manhattan - Upper East Side North - Yellow Zone,Manhattan - Upper East Side South - Yellow Zone,Manhattan - Lenox Hill West - Yellow Zone,Manhattan - Upper West Side South - Yellow Zone,Manhattan - Clinton East - Yellow Zone,1.3768371546149325,1.3626564673157162,1.3759779107225034,1.3974540311173975,1.4983372921615201,8.468841857730746,8.153164116828929,8.674551311550852,9.575294672324375,11.110166270783848,5.412248971466083,5.571924493510549,6.082409311410774,7.315228780283477,10.640385631435347
2022-01-08,Manhattan - Upper East Side North - Yellow Zone,Manhattan - Upper East Side South - Yellow Zone,Manhattan - Clinton East - Yellow Zone,Manhattan - East Village - Yellow Zone,Manhattan - Lenox Hill West - Yellow Zone,1.473225404732254,1.4570496556723451,1.5085195001893221,1.5044247787610618,1.4648111332007951,9.046824408468245,8.549184487133019,11.00726997349489,10.780492497114274,9.427833001988072,6.497849476824162,6.351256697703363,9.812084837919574,8.855070977685894,7.532518019207541
2022-01-09,Manhattan - Upper East Side North - Yellow Zone,Manhattan - Lenox Hill West - Yellow Zone,Manhattan - Clinton East - Yellow Zone,Manhattan - Upper West Side South - Yellow Zone,Manhattan - Upper East Side South - Yellow Zone,1.5166261151662612,1.4244244244244244,1.461498973305955,1.4747000521648408,1.4036208732694355,9.307988645579886,9.955945945945945,10.55522587268994,10.574491392801251,8.809105431309904,7.3292355456465845,8.367186575682023,9.937320897114363,9.178730221918187,7.582816257475518
2022-01-10,Manhattan - Upper East Side North - Yellow Zone,Manhattan - Upper East Side South - Yellow Zone,Manhattan - Midtown Center - Yellow Zone,Manhattan - Upper West Side South - Yellow Zone,Manhattan - Lenox Hill West - Yellow Zone,1.336812804453723,1.3391255605381165,1.3296969696969696,1.3395904436860069,1.3435555555555556,8.786754813268383,8.251457399103138,9.139749494949493,9.764035836177476,9.243955555555557,5.465631504496563,5.058030189772646,6.836001957689156,6.994729799986918,7.1087339956033615
2022-01-11,Manhattan - Upper East Side North - Yellow Zone,Manhattan - Upper East Side South - Yellow Zone,Manhattan - Midtown Center - Yellow Zone,Manhattan - Lenox Hill West - Yellow Zone,Manhattan - Upper West Side South - Yellow Zone,1.3415222636543103,1.3147675012774656,1.289839944328462,1.3385986229242608,1.2993710691823899,8.700855450756746,8.554854368932038,9.17403270702853,9.131057108140947,9.768846960167716,5.209732541390955,5.387992022970988,6.8963287097739,6.353276978705091,6.788915473300786
2022-01-12,Manhattan - Upper East Side North - Yellow Zone,Manhattan - Upper East Side South - Yellow Zone,Manhattan - Midtown Center - Yellow Zone,Manhattan - Lenox Hill West - Yellow Zone,Manhattan - Upper West Side South - Yellow Zone,1.354449802718106,1.3491019478876802,1.321750751754093,1.383625730994152,1.3328012769353552,9.06731258220079,8.551960536301543,9.18641162712997,9.245438596491228,9.706464485235436,5.7882585361444345,5.102488376383301,6.2779830029229995,5.991814970440242,6.241401276507471
2022-01-13,Manhattan - Upper East Side North - Yellow Zone,Manhattan - Upper East Side South - Yellow Zone,Manhattan - Midtown Center - Yellow Zone,Manhattan - Murray Hill - Yellow Zone,Manhattan - Upper West Side South - Yellow Zone,1.371483787846253,1.3453931500241196,1.3290849673202614,1.3445764660789574,1.354215003866976,9.15371269057333,8.431640135069948,9.641712418300653,9.85780375622844,9.912993039443155,5.5075659968539235,4.8972433311847965,7.2598142458755195,7.672514396333728,6.8373384439310865
2022-01-14,Manhattan - Upper East Side North - Yellow Zone,Manhattan - Upper East Side South - Yellow Zone,Manhattan - Lenox Hill West - Yellow Zone,Manhattan - Midtown Center - Yellow Zone,Manhattan - Upper West Side South - Yellow Zone,1.376296623261973,1.3601683767429624,1.3822328114363513,1.3600423579244616,1.3717391304347826,9.027210328845728,8.585030255196001,9.042399591558883,10.121595481821391,10.01054347826087,5.435619376754681,5.581743322348312,6.099808832692877,8.039773859337794,6.875241418285172
2022-01-15,Manhattan - Clinton East - Yellow Zone,Manhattan - Upper East Side North - Yellow Zone,Manhattan - East Village - Yellow Zone,Manhattan - Times Sq/Theatre District - Yellow Zone,Manhattan - Lenox Hill West - Yellow Zone,1.46748101683724,1.4016638935108152,1.4976255088195387,1.6064470421537371,1.4573820395738204,11.481706833938592,9.079843594009983,9.943880597014926,11.986177825008857,8.970030441400304,10.566979150058195,6.64088987347657,6.777261582752148,11.016825136205675,6.270127930183669
2022-01-16,Manhattan - Upper East Side North - Yellow Zone,Manhattan - Clinton East - Yellow Zone,Manhattan - Lenox Hill West - Yellow Zone,Manhattan - East Village - Yellow Zone,Manhattan - Upper West Side South - Yellow Zone,1.4548348587345803,1.4977741804937272,1.498434004474273,1.4732472324723247,1.4493641073951955,9.50274572224433,10.83945770942938,9.128232662192394,10.572112546125462,10.324258125294396,7.214015933389194,11.12530635400162,6.94013804732231,8.60416358291165,8.546521735539367
2022-01-17,Manhattan - Upper East Side North - Yellow Zone,Manhattan - Upper East Side South - Yellow Zone,Manhattan - Lenox Hill West - Yellow Zone,Manhattan - Upper West Side South - Yellow Zone,Manhattan - Lincoln Square East - Yellow Zone,1.3647219379051518,1.38553289726818,1.3699596774193548,1.3746630727762803,1.3607103218645948,9.326537018082565,8.651365909965373,10.008064516129032,10.674123989218328,10.805954495005551,7.466391988874987,7.023333633910081,8.959343962465837,9.59861394844368,12.782830183780233
2022-01-18,Manhattan - Upper East Side North - Yellow Zone,Manhattan - Upper East Side South - Yellow Zone,Manhattan - Midtown Center - Yellow Zone,Manhattan - Lenox Hill West - Yellow Zone,Manhattan - Murray Hill - Yellow Zone,1.34638871341335,1.3119420989143546,1.2963793655879525,1.3444691907943578,1.3449747768723321,9.298603916614024,8.815609167671893,9.709932713873759,9.969561989606532,10.130384167636787,6.1379521374959785,5.477002254891339,6.606022712165975,7.803923786145384,8.395257797153409
2022-01-19,Manhattan - Upper East Side North - Yellow Zone,Manhattan - Upper East Side South - Yellow Zone,Manhattan - Midtown Center - Yellow Zone,Manhattan - Lenox Hill West - Yellow Zone,Manhattan - Murray Hill - Yellow Zone,1.3673718470301057,1.3145963451306963,1.3206036341238065,1.3441977077363896,1.3138472780416515,9.167351505288853,8.589891279204256,9.583008931321219,9.29638252148997,9.8527950310559,5.300689845578144,5.257665020140286,7.0085123460119005,5.92508367620321,7.4644049034021265
2022-01-20,Manhattan - Upper East Side North - Yellow Zone,Manhattan - Upper East Side South - Yellow Zone,Manhattan - Midtown Center - Yellow Zone,Manhattan - Murray Hill - Yellow Zone,Manhattan - Lenox Hill West - Yellow Zone,1.3192975454001197,1.3263778634611023,1.3060802833530105,1.3451452870304748,1.3677304964539008,9.026080622630214,8.610315264232254,9.400091499409681,9.186502480510278,9.487475177304965,5.0059980392200165,5.0505802999054765,6.89341829876056,6.613704099855109,6.776348208564114
2022-01-21,Manhattan - Upper East Side North - Yellow Zone,Manhattan - Upper East Side South - Yellow Zone,Manhattan - Lenox Hill West - Yellow Zone,Manhattan - Midtown Center - Yellow Zone,Manhattan - Murray Hill - Yellow Zone,1.3673745173745173,1.3274932614555257,1.3659825870646767,1.3659961064243997,1.34174692793092,9.142895752895752,8.626909254267744,9.102341417910448,9.462167423750811,9.496555961474593,5.608345762679555,5.499820226403997,5.536099285157855,9.196429997491974,6.9565785018294495
2022-01-22,Manhattan - Upper East Side North - Yellow Zone,Manhattan - East Village - Yellow Zone,Manhattan - Upper East Side South - Yellow Zone,Manhattan - Lenox Hill West - Yellow Zone,Manhattan - Clinton East - Yellow Zone,1.4304074377905387,1.4944183313748531,1.4205256570713392,1.4250245017967984,1.4611260053619304,9.02382554006016,11.059253819036426,8.36849186483104,9.242992486115648,10.458739946380698,6.1917268401892995,8.185920504613032,5.792666081242939,6.749549628370066,9.01198506544322
2022-01-23,Manhattan - Upper East Side North - Yellow Zone,Manhattan - Upper East Side South - Yellow Zone,Manhattan - Lenox Hill West - Yellow Zone,Manhattan - East Village - Yellow Zone,Manhattan - Upper West Side South - Yellow Zone,1.449146757679181,1.3956222132144305,1.4400494437577256,1.455019556714472,1.4389807778274475,9.923037542662117,8.851033644102149,10.022661722290895,11.501086484137332,10.501788109074653,8.660025360095567,6.787091185098884,7.763905307931105,9.850345347738038,7.850041580474768
2022-01-24,Manhattan - Upper East Side North - Yellow Zone,Manhattan - Upper East Side South - Yellow Zone,Manhattan - Midtown Center - Yellow Zone,Manhattan - Lenox Hill West - Yellow Zone,Manhattan - Murray Hill - Yellow Zone,1.3316315205327414,1.3093293739173473,1.2836504580690626,1.3177795655671762,1.2943848059454997,9.271453940066593,8.985201682751793,9.53477096546864,9.62425583266291,9.646779521056978,5.615919361270764,6.530048093399495,7.434836463236399,6.965965051323123,8.05504006636804
2022-01-25,Manhattan - Upper East Side North - Yellow Zone,Manhattan - Upper East Side South - Yellow Zone,Manhattan - Midtown Center - Yellow Zone,Manhattan - Lenox Hill West - Yellow Zone,Manhattan - Murray Hill - Yellow Zone,1.3688906915432975,1.3314015883236745,1.3287301110777545,1.3586330935251798,1.3361654968599925,9.248489150273778,8.763352650783432,9.478204743320324,9.472007194244604,9.494303657185075,5.5223312114135155,5.626480991874043,6.406691133745075,6.097240471463685,6.739227131369284
2022-01-26,Manhattan - Upper East Side North - Yellow Zone,Manhattan - Upper East Side South - Yellow Zone,Manhattan - Midtown Center - Yellow Zone,Manhattan - Lenox Hill West - Yellow Zone,Manhattan - Murray Hill - Yellow Zone,1.3567348442970333,1.3302919708029197,1.3254987701557803,1.3465658475110271,1.3065260382333552,9.317630366685092,8.774209245742092,9.570541131456684,9.433900441083805,9.48272907053395,5.354879218087131,4.9078705889391,6.531465094030964,6.099541139696636,6.568557748166689
2022-01-27,Manhattan - Upper East Side North - Yellow Zone,Manhattan - Upper East Side South - Yellow Zone,Manhattan - Midtown Center - Yellow Zone,Manhattan - Lenox Hill West - Yellow Zone,Manhattan - Murray Hill - Yellow Zone,1.3295602152532937,1.3476627712854758,1.3125,1.3306055646481179,1.3134868421052632,9.657938393022825,9.51047161936561,10.848878125,9.930900163666122,10.32685197368421,6.160651189868952,5.6911042476138105,7.526895090948623,6.450509641864525,7.0599683392896555
2022-01-28,Manhattan - Upper East Side North - Yellow Zone,Manhattan - Upper East Side South - Yellow Zone,Manhattan - Upper West Side South - Yellow Zone,Manhattan - Lenox Hill West - Yellow Zone,Manhattan - Murray Hill - Yellow Zone,1.3665966386554622,1.3751537515375154,1.3614047050801228,1.3568682278923454,1.3714605067064083,9.428550420168067,9.62551783517835,10.141510398908967,10.212471163928697,11.332373323397913,6.45101239527009,6.275448047787621,6.796301430155761,7.143047338564658,9.006447094332707
2022-01-29,Manhattan - East Village - Yellow Zone,Manhattan - Clinton East - Yellow Zone,Manhattan - Lenox Hill West - Yellow Zone,Manhattan - Upper East Side North - Yellow Zone,Manhattan - Murray Hill - Yellow Zone,1.4086956521739131,1.4273743016759777,1.4191033138401559,1.401840490797546,1.4310722100656454,9.093280632411068,9.11852886405959,8.659649122807016,8.870858895705522,8.551684901531729,4.927136512994961,7.790446883217188,5.154584086893338,5.117402791234813,6.597703334012913
2022-01-30,Manhattan - Upper East Side North - Yellow Zone,Manhattan - Upper East Side South - Yellow Zone,Manhattan - Lenox Hill West - Yellow Zone,Manhattan - Upper West Side South - Yellow Zone,Manhattan - Clinton East - Yellow Zone,1.459605026929982,1.4526935264825713,1.4327140915269596,1.4240886017535763,1.442156862745098,9.274973070017953,8.649751018560433,9.671622111463526,10.314125519150899,11.3589068627451,7.125695420986498,6.714362434935854,7.722959831594189,8.133895129958827,12.161129246099847
2022-01-31,Manhattan - Upper East Side North - Yellow Zone,Manhattan - Upper East Side South - Yellow Zone,Manhattan - Midtown Center - Yellow Zone,Manhattan - Lenox Hill West - Yellow Zone,Manhattan - Upper West Side South - Yellow Zone,1.3518712105373196,1.3308061662875916,1.3349736379613357,1.3421052631578947,1.3807829181494662,9.448544846330755,9.33991660348749,10.08970123022847,10.266399694889397,10.241795175958877,6.432455770595814,6.778177974735134,7.029626190254255,7.833207631944671,7.254793271021548
2022-02-01,Manhattan - Upper East Side North - Yellow Zone,Manhattan - Upper East Side South - Yellow Zone,Manhattan - Midtown Center - Yellow Zone,Manhattan - Lenox Hill West - Yellow Zone,Manhattan - Upper West Side South - Yellow Zone,1.330339711050371,1.3612497287914949,1.2752043596730245,1.360655737704918,1.3744573082489147,9.656891839125343,9.88837708830549,11.066130790190735,10.709417509591908,10.497756874095515,6.182518427898135,6.154989725099598,7.242975847677042,7.307705193091188,6.822290604543571
2022-02-02,Manhattan - Upper East Side North - Yellow Zone,Manhattan - Upper East Side South - Yellow Zone,Manhattan - Upper West Side South - Yellow Zone,Manhattan - Murray Hill - Yellow Zone,Manhattan - Lenox Hill West - Yellow Zone,1.3525390625,1.3361141602634468,1.3459497700742837,1.3151624548736462,1.3422205989773557,10.05042578125,9.960373216245884,10.67576582950124,12.096714801444044,10.446201607012418,6.499369799254402,6.2513134051900066,7.025714651628333,9.660923188852106,6.744473849057888
2022-02-03,Manhattan - Upper East Side North - Yellow Zone,Manhattan - Upper East Side South - Yellow Zone,Manhattan - Midtown Center - Yellow Zone,Manhattan - Murray Hill - Yellow Zone,Manhattan - Upper West Side South - Yellow Zone,1.3481714074621352,1.3005213764337853,1.3286237571951858,1.3278940886699508,1.33596214511041,10.067713335796086,10.23235662148071,9.868160648874936,9.898706896551724,10.66817350157729,6.165177665159427,6.657296284580067,6.55806368216892,7.184301324415736,6.793961531279764
2022-02-04,Manhattan - Upper East Side North - Yellow Zone,Manhattan - Upper East Side South - Yellow Zone,Manhattan - Upper West Side South - Yellow Zone,Manhattan - Murray Hill - Yellow Zone,Manhattan - Midtown Center - Yellow Zone,1.3636709824828637,1.3426312321546234,1.394553706505295,1.3737496210973021,1.3583203732503888,9.299301218583397,8.671117944212607,9.985385779122542,9.517911488329798,9.486438569206843,6.092792427221656,5.534061848842893,6.552339816819456,7.179501733265869,6.916720532920111
2022-02-05,Manhattan - Upper East Side North - Yellow Zone,Manhattan - East Village - Yellow Zone,Manhattan - Clinton East - Yellow Zone,Manhattan - Upper East Side South - Yellow Zone,Manhattan - Upper West Side South - Yellow Zone,1.438604873387482,1.4955958549222799,1.4586608837083221,1.4267515923566878,1.4624539529611789,9.184113712374582,10.845854922279793,10.712198427758201,8.573913043478262,9.787560215358459,6.231904977363496,7.070054042613877,8.870827048931517,5.75006538218388,6.400238286631206
2022-02-06,Manhattan - Upper East Side North - Yellow Zone,Manhattan - Upper West Side South - Yellow Zone,Manhattan - Upper East Side South - Yellow Zone,Manhattan - Lenox Hill West - Yellow Zone,Manhattan - Clinton East - Yellow Zone,1.443736730360934,1.4383964692901803,1.4071455154447339,1.4110776186887717,1.4559155990957047,9.506976038823172,10.279882309672674,8.972087830294008,10.18715146948003,10.844122079879426,6.936447052373084,7.831606016627975,7.071407451471275,7.77364472579947,9.559190989195432
2022-02-07,Manhattan - Upper East Side North - Yellow Zone,Manhattan - Upper East Side South - Yellow Zone,Manhattan - Midtown Center - Yellow Zone,Manhattan - Murray Hill - Yellow Zone,Manhattan - Lenox Hill West - Yellow Zone,1.3501440922190202,1.332244517032198,1.3153206650831355,1.3410275502606106,1.328647416413374,9.702696582955948,9.383572095193653,10.207155581947742,10.30078183172003,10.280091185410335,6.680129045026428,6.048414743376258,7.977363638861246,8.506814936080437,7.249068087525594
2022-02-08,Manhattan - Upper East Side North - Yellow Zone,Manhattan - Upper East Side South - Yellow Zone,Manhattan - Midtown Center - Yellow Zone,Manhattan - Lenox Hill West - Yellow Zone,Manhattan - Murray Hill - Yellow Zone,1.354053580808965,1.3149500384319754,1.3200888450148076,1.326960466623461,1.2958850424559112,9.505429872176501,9.283011145272868,10.166098223099704,9.989274141283214,10.275333115610712,5.899327066314132,5.301071348278343,7.228479340548005,6.3518603011388395,7.996093343363855
2022-02-09,Manhattan - Upper East Side North - Yellow Zone,Manhattan - Upper East Side South - Yellow Zone,Manhattan - Midtown Center - Yellow Zone,Manhattan - Murray Hill - Yellow Zone,Manhattan - Lenox Hill West - Yellow Zone,1.3396293656450464,1.3256660916235383,1.308848080133556,1.3517424689899586,1.3288244766505637,9.489709550962225,9.034905117883842,9.777176246124492,9.990696987595983,9.668566827697264,5.5114194647563135,6.294120312144033,7.569614370229732,7.616062334300425,6.282605183974869
2022-02-10,Manhattan - Upper East Side North - Yellow Zone,Manhattan - Upper East Side South - Yellow Zone,Manhattan - Midtown Center - Yellow Zone,Manhattan - Murray Hill - Yellow Zone,Manhattan - Lenox Hill West - Yellow Zone,1.2940973420780117,1.3137621540762903,1.3208629791140694,1.3488726386349787,1.3223825606386246,9.711719019675526,8.95074794315632,10.479699334404406,10.060146252285193,9.992017193736567,5.957073086518499,5.209190626176785,7.941579450261869,7.283725214137586,6.758301333883338
2022-02-11,Manhattan - Upper East Side North - Yellow Zone,Manhattan - Upper East Side South - Yellow Zone,Manhattan - Midtown Center - Yellow Zone,Manhattan - Murray Hill - Yellow Zone,Manhattan - Upper West Side South - Yellow Zone,1.3692394155114276,1.3530412590387069,1.3697054698457223,1.3547147502216967,1.3947290494521765,9.613113525665044,9.188940876222885,10.594978962131838,10.614188590008869,10.641963281018656,5.85711983519267,5.894205982965157,8.657415246151583,8.52164566594682,7.374218417621398
2022-02-12,Manhattan - Upper East Side North - Yellow Zone,Manhattan - Upper East Side South - Yellow Zone,Manhattan - East Village - Yellow Zone,Manhattan - Clinton East - Yellow Zone,Manhattan - Lincoln Square East - Yellow Zone,1.4445234708392602,1.4280575539568345,1.503987240829346,1.4808053691275167,1.4614060258249641,9.591322901849217,9.026002055498457,11.52099946836789,12.350781208053693,9.99286657101865,6.635383735029737,6.255472190063149,7.113585198468039,11.6860444025759,6.777166624033641
2022-02-13,Manhattan - Upper East Side North - Yellow Zone,Manhattan - Clinton East - Yellow Zone,Manhattan - Lenox Hill West - Yellow Zone,Manhattan - Upper West Side South - Yellow Zone,Manhattan - Lincoln Square East - Yellow Zone,1.4342889582741982,1.4334267694463911,1.4487179487179487,1.3923187365398422,1.406967840735069,9.447232472324723,10.684211632796076,9.94508190883191,10.502989949748745,10.09781776416539,7.004735138995079,9.566768285195678,8.020043915668131,8.139329720338248,8.189286729427348
2022-02-14,Manhattan - Upper East Side North - Yellow Zone,Manhattan - Upper East Side South - Yellow Zone,Manhattan - Midtown Center - Yellow Zone,Manhattan - Lenox Hill West - Yellow Zone,Manhattan - Upper West Side South - Yellow Zone,1.3522089761570828,1.3786936236391913,1.335907335907336,1.3886138613861385,1.3561037318153069,9.35250525946704,8.79994167962675,10.05287886100386,9.886222153465347,10.107624920936116,6.369393848543876,5.752971542373622,7.947665494565728,7.5112874503830245,7.591469718074461
2022-02-15,Manhattan - Upper East Side North - Yellow Zone,Manhattan - Upper East Side South - Yellow Zone,Manhattan - Midtown Center - Yellow Zone,Manhattan - Murray Hill - Yellow Zone,Manhattan - Upper West Side South - Yellow Zone,1.3454971543354537,1.3373983739837398,1.3119425712421144,1.2919179734620023,1.3523809523809525,9.71333110143957,8.94729859571323,9.927415705895148,10.090259348612788,10.728571428571428,5.885233706508837,5.393215279110844,7.438880738310361,8.039044035450264,7.376703108627495
2022-02-16,Manhattan - Upper East Side North - Yellow Zone,Manhattan - Upper East Side South - Yellow Zone,Manhattan - Midtown Center - Yellow Zone,Manhattan - Murray Hill - Yellow Zone,Manhattan - Lenox Hill West - Yellow Zone,1.3631969618505093,1.353065134099617,1.3385018563005022,1.3620689655172413,1.3119323520200439,9.626449162782666,9.051283524904214,10.109576326708888,10.100668846611178,9.701847792045099,5.901114183216797,5.592777934017278,7.3913317335501985,7.723036940373304,6.392068544296514
2022-02-17,Manhattan - Upper East Side North - Yellow Zone,Manhattan - Upper East Side South - Yellow Zone,Manhattan - Midtown Center - Yellow Zone,Manhattan - Murray Hill - Yellow Zone,Manhattan - Upper West Side South - Yellow Zone,1.3522621485756843,1.3299512195121952,1.3004566210045663,1.346463484761357,1.3675349428208385,9.654663935952337,9.054400000000001,10.248963470319634,10.013628522139161,10.543170266836087,5.8337676532653635,5.785868289160431,8.741211214232049,7.300543395690153,7.451982313058382
2022-02-18,Manhattan - Upper East Side North - Yellow Zone,Manhattan - Upper East Side South - Yellow Zone,Manhattan - Midtown Center - Yellow Zone,Manhattan - Murray Hill - Yellow Zone,Manhattan - Upper West Side South - Yellow Zone,1.3833056478405317,1.3594274211585775,1.3983830499024255,1.3918997668997668,1.3909550728949718,9.698359634551494,9.034287631402371,10.496657373850015,10.962808857808858,10.789006248140437,6.501986935023886,6.1264074461629185,8.761341926683503,10.61749927924729,8.261012166288381
2022-02-19,Manhattan - Clinton East - Yellow Zone,Manhattan - East Village - Yellow Zone,Manhattan - Times Sq/Theatre District - Yellow Zone,Manhattan - Upper East Side North - Yellow Zone,Manhattan - East Chelsea - Yellow Zone,1.504986621260034,1.5433198380566802,1.6679547336461495,1.4489191590168788,1.4938543964702176,11.82393334954999,10.591120107962213,13.647778084460393,9.66203731122298,10.4843050740624,10.584501160920441,7.206612233148201,12.204753982214303,6.802233455070998,8.28471453483059
2022-02-20,Manhattan - Clinton East - Yellow Zone,Manhattan - Times Sq/Theatre District - Yellow Zone,Manhattan - Upper East Side North - Yellow Zone,Manhattan - East Chelsea - Yellow Zone,Manhattan - East Village - Yellow Zone,1.4966598896311356,1.630564784053156,1.4716585024492652,1.4884874247254694,1.5159420289855072,11.52779552715655,12.545514950166114,10.238278516445067,10.729642224583776,10.697826086956521,10.085360194898037,11.411689589465777,7.692940069799714,8.827834966018795,7.875306917334601
2022-02-21,Manhattan - Upper East Side North - Yellow Zone,Manhattan - Upper East Side South - Yellow Zone,Manhattan - Clinton East - Yellow Zone,Manhattan - Midtown Center - Yellow Zone,Manhattan - Lenox Hill West - Yellow Zone,1.3912219766340386,1.3858751279426818,1.457976653696498,1.4532803180914513,1.3885403596821413,10.116548784338491,9.133367451381782,12.278953307392996,9.972644135188867,11.156001672940192,8.111611521978247,7.366716222500396,12.503297085548791,8.724260589277616,9.961638913531113
2022-02-22,Manhattan - Upper East Side North - Yellow Zone,Manhattan - Upper East Side South - Yellow Zone,Manhattan - Midtown Center - Yellow Zone,Manhattan - Murray Hill - Yellow Zone,Manhattan - Times Sq/Theatre District - Yellow Zone,1.3864491844416562,1.3273942093541202,1.3658480605921506,1.386675375571522,1.490766073871409,10.202760351317442,9.356013363028953,9.96619462933211,10.743533638145003,12.644288645690835,7.608072925750018,6.730922271054322,7.13278450896025,8.823632741879328,11.648349557245945
2022-02-23,Manhattan - Upper East Side North - Yellow Zone,Manhattan - Upper East Side South - Yellow Zone,Manhattan - Midtown Center - Yellow Zone,Manhattan - Murray Hill - Yellow Zone,Manhattan - Lenox Hill West - Yellow Zone,1.3502971768202081,1.3396226415094339,1.3694281365514243,1.34953434225844,1.3346328784925277,9.795988112927192,9.614950398755107,10.334942378777994,10.482974388824214,10.398830409356727,6.630960316726255,6.290393291023854,7.3631927055330495,8.122959204644683,7.5497999188054035
2022-02-24,Manhattan - Upper East Side North - Yellow Zone,Manhattan - Upper East Side South - Yellow Zone,Manhattan - Midtown Center - Yellow Zone,Manhattan - Murray Hill - Yellow Zone,Manhattan - Lenox Hill West - Yellow Zone,1.357745993451663,1.3400406128853608,1.3471594259878121,1.355945945945946,1.3356453558504222,9.843815267964846,9.578585933173343,10.526321997247885,10.290675675675676,10.067409529553679,6.18648831112104,5.92149889421505,7.47826791137551,7.70648705875158,6.789634360927264
2022-02-25,Manhattan - Upper East Side North - Yellow Zone,Manhattan - Upper East Side South - Yellow Zone,Manhattan - Midtown Center - Yellow Zone,Manhattan - Upper West Side South - Yellow Zone,Manhattan - Lenox Hill West - Yellow Zone,1.379811320754717,1.3427296694382478,1.382756987209853,1.4366280795488275,1.3942857142857144,9.242622641509435,8.729446359764752,9.89367598294647,10.528613831997626,9.642586466165413,5.9592553913945325,6.100089004483178,7.301010636335014,7.842380954802439,7.409359449070544
2022-02-26,Manhattan - Upper East Side North - Yellow Zone,Manhattan - East Village - Yellow Zone,Manhattan - Upper East Side South - Yellow Zone,Manhattan - Clinton East - Yellow Zone,Manhattan - Upper West Side South - Yellow Zone,1.44452313503305,1.4822095048519532,1.4136756615142783,1.5071026534441168,1.4573798627002288,9.556735127478754,11.175217715849714,8.925858003667802,11.62506030554811,10.46717105263158,6.774579104014293,7.344503705587453,6.43507136866328,9.738241875590655,7.665068748874637
2022-02-27,Manhattan - Upper East Side North - Yellow Zone,Manhattan - Clinton East - Yellow Zone,Manhattan - Upper West Side South - Yellow Zone,Manhattan - Upper East Side South - Yellow Zone,Manhattan - East Village - Yellow Zone,1.4485021398002853,1.4751819986763732,1.47719651240778,1.4207903168387326,1.4599277978339351,10.208579172610555,11.183421575115819,11.319751844399732,9.578426486294054,11.450830324909747,7.892121514781312,9.657995446741333,9.136881552210047,7.758749184558629,8.5580106474559
2022-02-28,Manhattan - Upper East Side North - Yellow Zone,Manhattan - Upper East Side South - Yellow Zone,Manhattan - Midtown Center - Yellow Zone,Manhattan - Murray Hill - Yellow Zone,Manhattan - Upper West Side South - Yellow Zone,1.3497911127990885,1.3566403751865275,1.3167686658506732,1.3173794976238968,1.377670572019297,9.733146600835548,9.226689405244084,10.781725826193393,11.037746096401902,10.912749827705031,6.9634713269158635,6.467998366957535,8.805788242323754,9.802868960779449,8.46562042857184
